-57.71060513199453,1000000
-57.75387029868708,4124375
-57.31277988606248,7248750
-56.70011961110814,10373125
-56.80214840231467,13497500
-57.20867855195151,16621875
-57.76717757794839,19746250
-58.20509637664787,22870625
-58.42806010399925,25995000
-57.66088666472779,29119375
-56.86322315179999,32243750
-56.72936849165687,35368125
-56.38327529451959,38492500
-56.2365579641441,41616875
-56.2286489268983,44741250
-56.06251751319295,47865625
-55.94771859417825,50990000
-56.03400671662314,54114375
-55.8796081321415,57238750
-55.86447784123726,60363125
-55.8751737548569,63487500
-55.82359492160229,66611875
-55.98374563168132,69736250
-55.28950921705597,72860625
-54.69067649160883,75985000
-54.78340184681193,79109375
-54.64660099038747,82233750
-54.59659304939894,85358125
-54.62292188058814,88482500
-54.76282569262351,91606875
-54.75480996646937,94731250
-54.54665638583706,97855625
-54.24878442937391,100980000
-54.10488092674575,104104375
-53.92986316580543,107228750
-53.76050163974705,110353125
-53.52283664340314,113477500
-53.41792688655437,116601875
-53.54768814928333,119726250
-53.40195164155779,122850625
-53.52432214447036,125975000
-53.69067819094104,129099375
-53.69175615654603,132223750
-53.5750148726618,135348125
-53.29405516135483,138472500
-53.40985733166705,141596875
-53.15689683884707,144721250
-52.87898916340978,147845625
-52.80703912261993,150970000
-52.7693006442498,154094375
-52.82006295639199,157218750
-52.89581727988903,160343125
-52.81141851774016,163467500
-52.9586248065634,166591875
-53.10070565871833,169716250
-52.96458681896071,172840625
-52.87051842357543,175965000
-52.65502366586745,179089375
-52.46080298943988,182213750
-52.34342287020527,185338125
-52.14434260051321,188462500
-52.09101929402798,191586875
-52.03951873997627,194711250
-51.94879637133415,197835625
-52.06197842883191,200960000
-52.16134288308758,204084375
-52.23902072220397,207208750
-52.23079516128264,210333125
-52.09692236376721,213457500
-51.8377207477871,216581875
-51.56713067094888,219706250
-51.6538556619884,222830625
-51.69779999527027,225955000
-51.61206851444985,229079375
-51.6561628012404,232203750
-51.57652674145469,235328125
-51.68984566322209,238452500
-51.71101095323996,241576875
-51.52640038982496,244701250
-51.54243200518331,247825625
-51.44064140408503,250950000
-51.3867492709274,254074375
-51.39351440003539,257198750
-51.34117914268758,260323125
-51.27190678314422,263447500
-51.18742007878423,266571875
-51.30002803116085,269696250
-51.30527297592275,272820625
-51.28186448024303,275945000
-51.28278447479588,279069375
-51.06924199561139,282193750
-50.8788194442313,285318125
-50.80178972013348,288442500
-50.77188620375696,291566875
-50.8226309723911,294691250
-50.6889858463184,297815625
-50.62446993492476,300940000
-50.90403908277075,304064375
-50.9393849302961,307188750
-50.77281923838978,310313125
-50.80069353594187,313437500
-50.90754423494622,316561875
-50.75593673354647,319686250
-50.53019823788843,322810625
-50.26421839869944,325935000
-50.0969728668768,329059375
-50.07818787304263,332183750
-49.90666985445493,335308125
-49.73428050115732,338432500
-49.78913110338078,341556875
-49.99694339573963,344681250
-49.97130864241527,347805625
-49.79132041704433,350930000
-49.76120128640456,354054375
-49.6017956707544,357178750
-49.35665855896553,360303125
-49.1905919459884,363427500
-48.94933089793307,366551875
-48.85762376781241,369676250
-48.80244443405254,372800625
-48.82153139123307,375925000
-48.84604875157984,379049375
-48.84926992087382,382173750
-48.8667340248736,385298125
-48.98702173059908,388422500
-48.97551665373637,391546875
-48.84193299131101,394671250
-48.53262722226422,397795625
-48.21298706106128,400920000
-48.10189062126341,404044375
-48.00970461495557,407168750
-47.93878438140106,410293125
-47.89316306738083,413417500
-48.17634515014286,416541875
-48.52805421282251,419666250
-48.82109761071909,422790625
-48.96083220601867,425915000
-48.5367872373097,429039375
-47.38364863220425,432163750
-45.89589570530939,435288125
-46.03584058721787,438412500
-48.52423913023922,441536875
-49.42220609681031,444661250
-48.91603988535145,447785625
-48.25578773538445,450910000
-47.77913967875028,454034375
-47.53427993015595,457158750
-47.42174066206417,460283125
-47.40465293830841,463407500
-47.53113239612702,466531875
-47.62991281002539,469656250
-47.75475019931253,472780625
-47.88381897703611,475905000
-47.98010914976266,479029375
-47.93931579784076,482153750
-47.84678887256262,485278125
-47.76931870763676,488402500
-47.64005209673612,491526875
-47.57066525744786,494651250
-47.55365346298305,497775625
-47.57531740135047,500900000
-47.58102660118166,504024375
-47.64380097801529,507148750
-47.7546679101669,510273125
-47.84500953549532,513397500
-47.79166436442927,516521875
-47.77098828444541,519646250
-47.78689287857834,522770625
-47.74790414993369,525895000
-47.73660374660074,529019375
-47.69674721443067,532143750
-47.60780436961439,535268125
-47.58580265536901,538392500
-47.57538386406944,541516875
-47.57062722167777,544641250
-47.60390279720517,547765625
-47.6196303806949,550890000
-47.6337610833281,554014375
-47.63653605750801,557138750
-47.62374891201331,560263125
-47.5892371247479,563387500
-47.57989979061865,566511875
-47.53747822481703,569636250
-47.50087785454013,572760625
-47.4623970700638,575885000
-47.45945786808917,579009375
-47.53274737326512,582133750
-47.56267499823221,585258125
-47.54175998897965,588382500
-47.53073730665477,591506875
-47.52345118335946,594631250
-47.48283864688915,597755625
-47.42548949161137,600880000
-47.38831345401132,604004375
-47.34645968136097,607128750
-47.35453405706095,610253125
-47.35358593273173,613377500
-47.37978315903848,616501875
-47.38772208150124,619626250
-47.40124301040761,622750625
-47.38739942524349,625875000
-47.34578275907204,628999375
-47.31964852486216,632123750
-47.30189133560739,635248125
-47.30228638562147,638372500
-47.29084108352198,641496875
-47.2313137872078,644621250
-47.19698402548555,647745625
-47.19372080660024,650870000
-47.16573044004461,653994375
-47.14339019043251,657118750
-47.153075178161,660243125
-47.17100795889563,663367500
-47.17914013799806,666491875
-47.17660162626744,669616250
-47.12316476658899,672740625
-47.02662822987133,675865000
-46.97210746903406,678989375
-46.96184824194671,682113750
-46.98323573805355,685238125
-47.00273754969071,688362500
-46.99411920199939,691486875
-46.96085634871955,694611250
-46.95082277801845,697735625
-46.9548238258954,700860000
-46.9552801017067,703984375
-46.98195714588497,707108750
-46.97000348606542,710233125
-46.90487209693149,713357500
-46.8727366807056,716481875
-46.87292887658061,719606250
-46.85563309186691,722730625
-46.79852248263395,725855000
-46.77208171810085,728979375
-46.80301713236888,732103750
-46.83450115695649,735228125
-46.83151391706582,738352500
-46.76995435431353,741476875
-46.72686760219126,744601250
-46.69755388857673,747725625
-46.70749813858838,750850000
-46.72335853387199,753974375
-46.67733998474594,757098750
-46.6242284670118,760223125
-46.61442789805658,763347500
-46.63361538662169,766471875
-46.63482691118028,769596250
-46.60449441453416,772720625
-46.56597225988072,775845000
-46.53560886033129,778969375
-46.54872658583911,782093750
-46.57302818576926,785218125
-46.55290423209757,788342500
-46.49901988935959,791466875
-46.47433076319654,794591250
-46.46736911413477,797715625
-46.4561650165855,800840000
-46.44318979984241,803964375
-46.42930688231969,807088750
-46.41944699321006,810213125
-46.39865310943325,813337500
-46.37563701419509,816461875
-46.35094424287443,819586250
-46.32956977145739,822710625
-46.29960395100981,825835000
-46.27400448318996,828959375
-46.25985358117642,832083750
-46.25801363728259,835208125
-46.25345868436565,838332500
-46.24395344895766,841456875
-46.22158552677509,844581250
-46.20400688188275,847705625
-46.17509920064181,850830000
-46.15344888520517,853954375
-46.15610509139012,857078750
-46.15390593539697,860203125
-46.13074683443913,863327500
-46.10000446254666,866451875
-46.07479345921824,869576250
-46.06128468949574,872700625
-46.04365709611746,875825000
-46.02361282853069,878949375
-46.00805976690013,882073750
-45.99860261931478,885198125
-45.97864457163611,888322500
-45.95182222963652,891446875
-45.92771878431076,894571250
-45.90846289380761,897695625
-45.87678964062901,900820000
-45.85951346478315,903944375
-45.85518078152073,907068750
-45.84531907384799,910193125
-45.84924739014993,913317500
-45.8490504161805,916441875
-45.83537090935309,919566250
-45.8102912880567,922690625
-45.77996433416424,925815000
-45.77637884626404,928939375
-45.75370539700478,932063750
-45.7213782291251,935188125
-45.70336808577368,938312500
-45.6839033159654,941436875
-45.66879375146438,944561250
-45.65588799647991,947685625
-45.64251312516929,950810000
-45.6392325976697,953934375
-45.63470599530324,957058750
-45.60617364463649,960183125
-45.57060544379382,963307500
-45.54912126980287,966431875
-45.52787018962526,969556250
-45.5214877259186,972680625
-45.51430379873878,975805000
-45.50188565689275,978929375
-45.49586882221391,982053750
-45.4774568723861,985178125
-45.44908843728682,988302500
-45.43401013686073,991426875
-45.42195921250815,994551250
-45.40847368298667,997675625
-45.39061253590125,1000800000
-45.37099378986409,1003924375
-45.35583552787834,1007048750
-45.33764383792582,1010173125
-45.31851564763898,1013297500
-45.2909789119392,1016421875
-45.27366209887039,1019546250
-45.26335696364841,1022670625
-45.24411825103912,1025795000
-45.23136534023793,1028919375
-45.22818526187333,1032043750
-45.19540927350413,1035168125
-45.18625522944291,1038292500
-45.16081982069717,1041416875
-45.14336564267207,1044541250
-45.13847403388834,1047665625
-45.14490415533591,1050790000
-45.13860164888783,1053914375
-45.10639777133765,1057038750
-45.08145620962217,1060163125
-45.06882258852535,1063287500
-45.05674741630297,1066411875
-45.04643638108874,1069536250
-45.04469318225284,1072660625
-45.02564826649468,1075785000
-45.0031716275188,1078909375
-44.98685034736351,1082033750
-44.96765031334766,1085158125
-44.9377788156737,1088282500
-44.9148022655466,1091406875
-44.90835590096847,1094531250
-44.89606680495324,1097655625
-44.87384082221149,1100780000
-44.86222076451515,1103904375
-44.8586312202612,1107028750
-44.8504861725928,1110153125
-44.82828943067486,1113277500
-44.80610675879052,1116401875
-44.79020754625316,1119526250
-44.79143410426222,1122650625
-44.77347431191413,1125775000
-44.74135079862612,1128899375
-44.71598007671848,1132023750
-44.71171385163593,1135148125
-44.70228711231186,1138272500
-44.68981697858442,1141396875
-44.67439947965288,1144521250
-44.66027990654256,1147645625
-44.64852533599923,1150770000
-44.63246763140696,1153894375
-44.61186334606406,1157018750
-44.59715303494274,1160143125
-44.58077102799884,1163267500
-44.56784714671588,1166391875
-44.54854263081329,1169516250
-44.55108392438794,1172640625
-44.54498419617295,1175765000
-44.51602728167082,1178889375
-44.46949138214289,1182013750
-44.43658374672945,1185138125
-44.440605467361,1188262500
-44.45352194135528,1191386875
-44.45330852059009,1194511250
-44.43432934948817,1197635625
-44.40445646808793,1200760000
-44.37816546872357,1203884375
-44.37220220518147,1207008750
-44.3697017519755,1210133125
-44.33712321935926,1213257500
-44.30383428825456,1216381875
-44.29389495121475,1219506250
-44.29579388115847,1222630625
-44.29583707436876,1225755000
-44.28001660647521,1228879375
-44.26031060795801,1232003750
-44.24388133421684,1235128125
-44.23185021185639,1238252500
-44.21574947034319,1241376875
-44.19727305048053,1244501250
-44.18304468236446,1247625625
-44.17025457417679,1250750000
-44.15414539888229,1253874375
-44.13347209566286,1256998750
-44.11526410722712,1260123125
-44.10131626633455,1263247500
-44.08491296053215,1266371875
-44.07397927888802,1269496250
-44.07202322011089,1272620625
-44.05971656240135,1275745000
-44.04073812746286,1278869375
-44.03167841138785,1281993750
-44.02731770627112,1285118125
-44.00950299007795,1288242500
-43.98144089691111,1291366875
-43.96616362859655,1294491250
-43.9520035737787,1297615625
-43.93880608607478,1300740000
-43.92587477841145,1303864375
-43.91962038963445,1306988750
-43.90975329543751,1310113125
-43.87888828308313,1313237500
-43.85742087173223,1316361875
-43.85000930811913,1319486250
-43.83269387751885,1322610625
-43.82042852827258,1325735000
-43.82021348147181,1328859375
-43.81052500374105,1331983750
-43.79485133616815,1335108125
-43.77539395729245,1338232500
-43.75194799169012,1341356875
-43.73679664734616,1344481250
-43.72779349722375,1347605625
-43.71277289157117,1350730000
-43.69142063170949,1353854375
-43.68169718061345,1356978750
-43.67858547293868,1360103125
-43.67136907541518,1363227500
-43.6579342241281,1366351875
-43.64830900560825,1369476250
-43.62269631456684,1372600625
-43.60141975840286,1375725000
-43.59352258842308,1378849375
-43.58286028514793,1381973750
-43.56829510883082,1385098125
-43.55537095295966,1388222500
-43.54310977132272,1391346875
-43.53052702927098,1394471250
-43.51672797809709,1397595625
-43.49877892783113,1400720000
-43.48934683182684,1403844375
-43.48489402261292,1406968750
-43.4674890114766,1410093125
-43.44736088103605,1413217500
-43.44115717132098,1416341875
-43.42824337942807,1419466250
-43.40529927882205,1422590625
-43.39191133622212,1425715000
-43.38248658090444,1428839375
-43.36471730402966,1431963750
-43.33994594156796,1435088125
-43.32146217974311,1438212500
-43.31132108869858,1441336875
-43.29944283879274,1444461250
-43.29165920189362,1447585625
-43.2847776890468,1450710000
-43.27390759365411,1453834375
-43.26090193921338,1456958750
-43.24460793046544,1460083125
-43.23300930353713,1463207500
-43.22145881076987,1466331875
-43.2072476876646,1469456250
-43.19346113160577,1472580625
-43.1826222082764,1475705000
-43.16904230500458,1478829375
-43.14764647415131,1481953750
-43.13194796185653,1485078125
-43.12553105574361,1488202500
-43.12269140958759,1491326875
-43.11415257269071,1494451250
-43.09235914458748,1497575625
-43.06767413484933,1500700000
-43.0544737576567,1503824375
-43.04756838223445,1506948750
-43.03601910454852,1510073125
-43.02791046041585,1513197500
-43.0178715893578,1516321875
-43.00745314992773,1519446250
-42.98714039510622,1522570625
-42.96386822685285,1525695000
-42.95017119358391,1528819375
-42.94333760990675,1531943750
-42.934843197345,1535068125
-42.92265157540027,1538192500
-42.90763590638083,1541316875
-42.8936713650716,1544441250
-42.87634305544125,1547565625
-42.85863889527786,1550690000
-42.84875168456817,1553814375
-42.84080593687264,1556938750
-42.82892821393154,1560063125
-42.810028299284,1563187500
-42.80069379656134,1566311875
-42.79094887955154,1569436250
-42.77999655714862,1572560625
-42.76467564347924,1575685000
-42.74759423620996,1578809375
-42.7350779039072,1581933750
-42.72553852657175,1585058125
-42.71286821577896,1588182500
-42.70179684410294,1591306875
-42.68846769190247,1594431250
-42.67284881362401,1597555625
-42.65518013077575,1600680000
-42.64222041483962,1603804375
-42.63509496847437,1606928750
-42.62286117573886,1610053125
-42.6104354942002,1613177500
-42.59893757279626,1616301875
-42.58556062481617,1619426250
-42.5717592445375,1622550625
-42.5549565317254,1625675000
-42.5433370646962,1628799375
-42.53539289765569,1631923750
-42.52568882349553,1635048125
-42.51618544155345,1638172500
-42.51248940319825,1641296875
-42.49677585980809,1644421250
-42.4789615497822,1647545625
-42.4625824659018,1650670000
-42.45172259399784,1653794375
-42.44255657757197,1656918750
-42.43192192038313,1660043125
-42.41474986222382,1663167500
-42.4035100521779,1666291875
-42.39488771637566,1669416250
-42.38191594147543,1672540625
-42.37073012603624,1675665000
-42.3548751746453,1678789375
-42.33808400446829,1681913750
-42.32354406447249,1685038125
-42.31377380091694,1688162500
-42.30730861647157,1691286875
-42.29730509333891,1694411250
-42.28460238749987,1697535625
-42.27359383947939,1700660000
-42.26176702404872,1703784375
-42.24607624073893,1706908750
-42.23113752853401,1710033125
-42.21883905294561,1713157500
-42.20701707054395,1716281875
-42.19431886973126,1719406250
-42.18110368591589,1722530625
-42.16804281376953,1725655000
-42.15419792894547,1728779375
-42.14291761137823,1731903750
-42.14107616046243,1735028125
-42.13906150361336,1738152500
-42.13218177065764,1741276875
-42.12515494136934,1744401250
-42.11226635829962,1747525625
-42.09658837902515,1750650000
-42.08386314282522,1753774375
-42.06678011522368,1756898750
-42.05032879642444,1760023125
-42.03357445929285,1763147500
-42.01121025689317,1766271875
-41.99435980062439,1769396250
-41.97897703123516,1772520625
-41.96655144017117,1775645000
-41.95315039998406,1778769375
-41.9337709377221,1781893750
-41.92111822973231,1785018125
-41.90662840884738,1788142500
-41.89793210448389,1791266875
-41.89580956549492,1794391250
-41.88765045426682,1797515625
-41.87866723356682,1800640000
-41.87255639144478,1803764375
-41.86951545581181,1806888750
-41.86611941524565,1810013125
-41.86345556578722,1813137500
-41.85778178962323,1816261875
-41.84560743233692,1819386250
-41.83417007484501,1822510625
-41.82554240553816,1825635000
-41.81280015271315,1828759375
-41.7991192996072,1831883750
-41.79079181687343,1835008125
-41.77870896719051,1838132500
-41.7628385357371,1841256875
-41.74795747067118,1844381250
-41.73224795645248,1847505625
-41.71125279228895,1850630000
-41.69328469921469,1853754375
-41.6785617904879,1856878750
-41.66212307959712,1860003125
-41.64802433360336,1863127500
-41.63390797149147,1866251875
-41.61771992689107,1869376250
-41.60524919710592,1872500625
-41.59352547599883,1875625000
-41.5779561436647,1878749375
-41.557322848707,1881873750
-41.53993409962688,1884998125
-41.53715144799052,1888122500
-41.53119024046292,1891246875
-41.51907621227512,1894371250
-41.50712815521265,1897495625
-41.49617352540879,1900620000
-41.49157136427515,1903744375
-41.48769785866769,1906868750
-41.48287191224525,1909993125
-41.47751137204492,1913117500
-41.46243995671689,1916241875
-41.44954793313205,1919366250
-41.44802872579079,1922490625
-41.44821111850462,1925615000
-41.44227942065402,1928739375
-41.43341320724629,1931863750
-41.42658087654375,1934988125
-41.41464137303547,1938112500
-41.39972499067439,1941236875
-41.38718860944817,1944361250
-41.37812521311805,1947485625
-41.37310007757159,1950610000
-41.36703602339494,1953734375
-41.35991724638336,1956858750
-41.35103272984851,1959983125
-41.33599320681086,1963107500
-41.31758268089523,1966231875
-41.30318444231378,1969356250
-41.29110840622222,1972480625
-41.28315396089897,1975605000
-41.2766063357096,1978729375
-41.26067813091616,1981853750
-41.24138241947442,1984978125
-41.22267519169799,1988102500
-41.21367336327818,1991226875
-41.20656933145493,1994351250
-41.1921398327041,1997475625
-41.16766138679867,2000600000
-41.15021450015104,2003724375
-41.1409107009233,2006848750
-41.13362509639796,2009973125
-41.12853516888127,2013097500
-41.12018391094061,2016221875
-41.10711505490823,2019346250
-41.09107727138708,2022470625
-41.07629747852733,2025595000
-41.06070633973764,2028719375
-41.05485555693345,2031843750
-41.05252173009895,2034968125
-41.04243415535851,2038092500
-41.03285889063274,2041216875
-41.02086556025008,2044341250
-41.00790571307692,2047465625
-40.99929400252922,2050590000
-40.98903513526695,2053714375
-40.98180864085091,2056838750
-40.97206817857995,2059963125
-40.95966623752126,2063087500
-40.9523313339819,2066211875
-40.94987381665015,2069336250
-40.94182898170625,2072460625
-40.93360239400539,2075585000
-40.92378423368619,2078709375
-40.91298767904613,2081833750
-40.90420341804337,2084958125
-40.90068476594826,2088082500
-40.89565339169663,2091206875
-40.88680609937335,2094331250
-40.88158560510296,2097455625
-40.87523533186526,2100580000
-40.85868591850372,2103704375
-40.84048546817428,2106828750
-40.83087985231948,2109953125
-40.82748863937847,2113077500
-40.82168783908475,2116201875
-40.81388453977134,2119326250
-40.8066054977275,2122450625
-40.79355919435515,2125575000
-40.78191365416869,2128699375
-40.77208819155445,2131823750
-40.75995138091426,2134948125
-40.75387959231782,2138072500
-40.74529779102861,2141196875
-40.7304578248153,2144321250
-40.72097454427759,2147445625
-40.7062975259258,2150570000
-40.69449311265841,2153694375
-40.68350445849092,2156818750
-40.67181657407971,2159943125
-40.66560701187123,2163067500
-40.65479133945595,2166191875
-40.64035259674347,2169316250
-40.61844564955468,2172440625
-40.5961603996078,2175565000
-40.58201694323777,2178689375
-40.5705153091425,2181813750
-40.55460304932823,2184938125
-40.53950724747787,2188062500
-40.52303735072633,2191186875
-40.50519681044433,2194311250
-40.49170851314414,2197435625
-40.47830034760726,2200560000
-40.46720103712516,2203684375
-40.45238815491217,2206808750
-40.43572501831385,2209933125
-40.42596438033088,2213057500
-40.41056211972476,2216181875
-40.39975772521001,2219306250
-40.38601592813549,2222430625
-40.37391400719584,2225555000
-40.3544625628586,2228679375
-40.33952603552812,2231803750
-40.32331418819827,2234928125
-40.30860560112672,2238052500
-40.29851048893801,2241176875
-40.29236976719301,2244301250
-40.28287144591083,2247425625
-40.27278362479051,2250550000
-40.2630909017271,2253674375
-40.25360354177683,2256798750
-40.24532350952028,2259923125
-40.23597877621021,2263047500
-40.22571748945398,2266171875
-40.21427017274458,2269296250
-40.19942792186539,2272420625
-40.19507829795363,2275545000
-40.19208755384977,2278669375
-40.18309785074742,2281793750
-40.16957818082174,2284918125
-40.1645389564164,2288042500
-40.15913845090054,2291166875
-40.14782791356864,2294291250
-40.13848346705562,2297415625
-40.12411058261514,2300540000
-40.12035564224135,2303664375
-40.12172373615475,2306788750
-40.11732814227466,2309913125
-40.10643668368349,2313037500
-40.09098726380823,2316161875
-40.07971029549815,2319286250
-40.07329251162258,2322410625
-40.07585630553872,2325535000
-40.07262500394246,2328659375
-40.06351182961041,2331783750
-40.04854822652226,2334908125
-40.02955135640455,2338032500
-40.02003227963983,2341156875
-40.02383874068636,2344281250
-40.02083215953323,2347405625
-40.01056123755436,2350530000
-39.99808178293623,2353654375
-39.97815370593741,2356778750
-39.97125484666958,2359903125
-39.97317416920492,2363027500
-39.96902982833455,2366151875
-39.95719358939777,2369276250
-39.9457174369885,2372400625
-39.932671016102,2375525000
-39.91887842108589,2378649375
-39.91116797550252,2381773750
-39.91030008539593,2384898125
-39.90266330504406,2388022500
-39.89384945140532,2391146875
-39.8808310894639,2394271250
-39.86934321589591,2397395625
-39.85955590254631,2400520000
-39.85102750583472,2403644375
-39.85059988120949,2406768750
-39.85020864518884,2409893125
-39.83581004221185,2413017500
-39.81508283665623,2416141875
-39.80461774320912,2419266250
-39.80104930986388,2422390625
-39.7956164469923,2425515000
-39.7929387123919,2428639375
-39.78096137578373,2431763750
-39.75579812652305,2434888125
-39.7464488580633,2438012500
-39.74408055798738,2441136875
-39.73862114782672,2444261250
-39.73272636329005,2447385625
-39.71921180349214,2450510000
-39.70493035231779,2453634375
-39.68689560211124,2456758750
-39.67716196901283,2459883125
-39.67207793197025,2463007500
-39.66120506615157,2466131875
-39.65553674694116,2469256250
-39.64643178096982,2472380625
-39.62967676302894,2475505000
-39.61396709811515,2478629375
-39.60568845710547,2481753750
-39.60538226505499,2484878125
-39.59843245063308,2488002500
-39.5854931225451,2491126875
-39.57490722685296,2494251250
-39.56344307148349,2497375625
-39.56015163647928,2500500000
-39.55885389983355,2503624375
-39.55029062974256,2506748750
-39.529658102356,2509873125
-39.5127144880873,2512997500
-39.51039918478527,2516121875
-39.50896792225243,2519246250
-39.50447971489004,2522370625
-39.49251733497069,2525495000
-39.4826394029296,2528619375
-39.47528231324806,2531743750
-39.46399483838397,2534868125
-39.45320679559883,2537992500
-39.44387025386087,2541116875
-39.43826232651849,2544241250
-39.43546945816642,2547365625
-39.42932066111328,2550490000
-39.41369138433888,2553614375
-39.39869020091368,2556738750
-39.39060397193219,2559863125
-39.38614007278985,2562987500
-39.38257852568827,2566111875
-39.37625464309571,2569236250
-39.36262968668257,2572360625
-39.35291544006339,2575485000
-39.34430421027554,2578609375
-39.33500025701897,2581733750
-39.33081629795227,2584858125
-39.32745964040958,2587982500
-39.31693915001927,2591106875
-39.3060934190342,2594231250
-39.29071531940385,2597355625
-39.28037678310828,2600480000
-39.27504571519736,2603604375
-39.27155211812124,2606728750
-39.2668896713654,2609853125
-39.25682538938622,2612977500
-39.2466788016377,2616101875
-39.23581772570294,2619226250
-39.2274792861181,2622350625
-39.22350629318544,2625475000
-39.21873622664885,2628599375
-39.21109081167868,2631723750
-39.19667759036764,2634848125
-39.18390392405573,2637972500
-39.17921438643051,2641096875
-39.17529607634086,2644221250
-39.16570377386079,2647345625
-39.15465433808502,2650470000
-39.145743058325,2653594375
-39.1372016576859,2656718750
-39.13070220175954,2659843125
-39.12706528118579,2662967500
-39.11844165850846,2666091875
-39.10608723690672,2669216250
-39.09529418206135,2672340625
-39.08546721534577,2675465000
-39.07969476475495,2678589375
-39.07406138613464,2681713750
-39.06411101856042,2684838125
-39.05339442531192,2687962500
-39.04291849318084,2691086875
-39.03756768973315,2694211250
-39.03055998812673,2697335625
-39.02079847882322,2700460000
-39.01079735220145,2703584375
-39.00268473484245,2706708750
-38.99383472921413,2709833125
-38.98425834347855,2712957500
-38.97505898385631,2716081875
-38.96921620242667,2719206250
-38.96171682470185,2722330625
-38.94822568310459,2725455000
-38.94229176851931,2728579375
-38.93611674745644,2731703750
-38.93032990552493,2734828125
-38.92083106013514,2737952500
-38.90597950391317,2741076875
-38.89856594126432,2744201250
-38.88920533710922,2747325625
-38.87907238088045,2750450000
-38.87306268647298,2753574375
-38.86931777115156,2756698750
-38.86240991129932,2759823125
-38.85202497618109,2762947500
-38.83776396705272,2766071875
-38.8276801029464,2769196250
-38.82343098676499,2772320625
-38.81872079145224,2775445000
-38.81240098485058,2778569375
-38.80383739090919,2781693750
-38.79658492626147,2784818125
-38.78982396422102,2787942500
-38.77926341394105,2791066875
-38.76861341817165,2794191250
-38.76031111250305,2797315625
-38.75247389569343,2800440000
-38.74510649160574,2803564375
-38.74032276872568,2806688750
-38.73300545547746,2809813125
-38.72597883807315,2812937500
-38.71884050373258,2816061875
-38.70687805066304,2819186250
-38.69867345553934,2822310625
-38.68926926168977,2825435000
-38.68175612166931,2828559375
-38.6755828512692,2831683750
-38.66561458056016,2834808125
-38.65991267804126,2837932500
-38.65964470998011,2841056875
-38.65210015340141,2844181250
-38.64053152073544,2847305625
-38.62769559438813,2850430000
-38.61653336923332,2853554375
-38.61054260231526,2856678750
-38.60489295841292,2859803125
-38.59743683326724,2862927500
-38.59006918849236,2866051875
-38.583314966657,2869176250
-38.57395492969863,2872300625
-38.56294439175655,2875425000
-38.55305862324968,2878549375
-38.54412505915733,2881673750
-38.53582688704396,2884798125
-38.52695811416359,2887922500
-38.51918727755807,2891046875
-38.51399157954473,2894171250
-38.50562398908264,2897295625
-38.4952700312522,2900420000
-38.48458731258958,2903544375
-38.47544634431895,2906668750
-38.4671463314365,2909793125
-38.45824395873073,2912917500
-38.45069918216605,2916041875
-38.44226997181982,2919166250
-38.43289451488359,2922290625
-38.42459298656871,2925415000
-38.41782611722958,2928539375
-38.41014434562003,2931663750
-38.40150410961831,2934788125
-38.39078516934632,2937912500
-38.38023269793955,2941036875
-38.36989036968588,2944161250
-38.36198013788179,2947285625
-38.3559208186877,2950410000
-38.3502246840164,2953534375
-38.34097381557259,2956658750
-38.33257071028005,2959783125
-38.32386358272529,2962907500
-38.31256189171569,2966031875
-38.30501835248545,2969156250
-38.29799518235762,2972280625
-38.29102247895671,2975405000
-38.2824708560904,2978529375
-38.27140807283805,2981653750
-38.26320862527009,2984778125
-38.25479699733739,2987902500
-38.24819465994373,2991026875
-38.23996975564948,2994151250
-38.23149549614768,2997275625
-38.2238272728252,3000400000
-38.21645255156253,3003524375
-38.20873519659931,3006648750
-38.19793899565725,3009773125
-38.18877440104526,3012897500
-38.18200014081829,3016021875
-38.17435950910251,3019146250
-38.1679023117017,3022270625
-38.15820520716093,3025395000
-38.14871999579083,3028519375
-38.14126354126762,3031643750
-38.13465967031833,3034768125
-38.12834762508841,3037892500
-38.11952626883118,3041016875
-38.11094775902797,3044141250
-38.10267715604591,3047265625
-38.09334950185169,3050390000
-38.08483946082352,3053514375
-38.07805309335497,3056638750
-38.07088143887842,3059763125
-38.06169840244944,3062887500
-38.05313045475091,3066011875
-38.04484246674514,3069136250
-38.03573591615933,3072260625
-38.0286679685764,3075385000
-38.02408258428197,3078509375
-38.01630005140717,3081633750
-38.00584163553646,3084758125
-37.99571381386108,3087882500
-37.9871031931012,3091006875
-37.97967523646771,3094131250
-37.97381056622529,3097255625
-37.96463745050583,3100380000
-37.95313494352867,3103504375
-37.94546657662374,3106628750
-37.94063550673376,3109753125
-37.93181309323145,3112877500
-37.92361441081835,3116001875
-37.91760261792856,3119126250
-37.90853118173783,3122250625
-37.89574783184875,3125375000
-37.88707080035984,3128499375
-37.88231483726057,3131623750
-37.87511961978111,3134748125
-37.86644755781298,3137872500
-37.85730695655418,3140996875
-37.85048123120387,3144121250
-37.84632309757153,3147245625
-37.83765714359241,3150370000
-37.82890115866004,3153494375
-37.82001009050985,3156618750
-37.81058777710814,3159743125
-37.79891858756463,3162867500
-37.79207210294225,3165991875
-37.78728275426679,3169116250
-37.77628486969367,3172240625
-37.76660132342759,3175365000
-37.76261375043188,3178489375
-37.75805598786925,3181613750
-37.74957438134187,3184738125
-37.74162332031639,3187862500
-37.73380168659634,3190986875
-37.72264343292477,3194111250
-37.71119396807957,3197235625
-37.70454607827803,3200360000
-37.69780524743672,3203484375
-37.68882984517504,3206608750
-37.68260681021817,3209733125
-37.6745888305905,3212857500
-37.66584735049129,3215981875
-37.65837947455244,3219106250
-37.65122750650723,3222230625
-37.64434565847225,3225355000
-37.63406095167156,3228479375
-37.62749018869862,3231603750
-37.61922854249332,3234728125
-37.60964268392691,3237852500
-37.60485609358919,3240976875
-37.59809038515886,3244101250
-37.58785280396749,3247225625
-37.57916684347367,3250350000
-37.56938055632912,3253474375
-37.56558641463715,3256598750
-37.55816832369193,3259723125
-37.54919265706193,3262847500
-37.54370703657504,3265971875
-37.53398474037227,3269096250
-37.52171449853366,3272220625
-37.51590067853183,3275345000
-37.51145461702097,3278469375
-37.50398550999896,3281593750
-37.49422547432579,3284718125
-37.48624411587578,3287842500
-37.48009690949161,3290966875
-37.47287403089886,3294091250
-37.46236203531808,3297215625
-37.45220642878372,3300340000
-37.44471770904261,3303464375
-37.4383103037049,3306588750
-37.43195372604025,3309713125
-37.42474948006186,3312837500
-37.41630936295843,3315961875
-37.40635617079561,3319086250
-37.39750054621269,3322210625
-37.39047385703782,3325335000
-37.3849179406006,3328459375
-37.37701513692653,3331583750
-37.3669330850488,3334708125
-37.35970647402418,3337832500
-37.35433151444812,3340956875
-37.34587390542571,3344081250
-37.33452276159019,3347205625
-37.32588393078791,3350330000
-37.31893874906118,3353454375
-37.3118290672383,3356578750
-37.30340716728581,3359703125
-37.29471478931381,3362827500
-37.28723533751037,3365951875
-37.27997390692413,3369076250
-37.27149963718279,3372200625
-37.26287462077089,3375325000
-37.2546575381823,3378449375
-37.24656755341388,3381573750
-37.23918153972151,3384698125
-37.2308755915899,3387822500
-37.22164661697101,3390946875
-37.21318248471381,3394071250
-37.20643463847415,3397195625
-37.19849420480411,3400320000
-37.18969467065027,3403444375
-37.18117114504573,3406568750
-37.17371033039245,3409693125
-37.16558793783679,3412817500
-37.1556467724097,3415941875
-37.14734007613435,3419066250
-37.14009088985537,3422190625
-37.13072080791986,3425315000
-37.12280787096452,3428439375
-37.11442850492641,3431563750
-37.10385325251292,3434688125
-37.09393688690116,3437812500
-37.08547307084577,3440936875
-37.07737538271451,3444061250
-37.07076233712305,3447185625
-37.06345570101054,3450310000
-37.0571559313596,3453434375
-37.04790903117453,3456558750
-37.0380998736176,3459683125
-37.02800340180789,3462807500
-37.01763675188692,3465931875
-37.01003718328086,3469056250
-37.00200971162234,3472180625
-36.99200133716414,3475305000
-36.9836290629914,3478429375
-36.97474068243287,3481553750
-36.9655130664141,3484678125
-36.9569522222988,3487802500
-36.94836930674998,3490926875
-36.9401377677079,3494051250
-36.93079405419332,3497175625
-36.92097427380089,3500300000
-36.91018335159292,3503424375
-36.900947587077,3506548750
-36.89196799530096,3509673125
-36.8827057937533,3512797500
-36.87395771961079,3515921875
-36.86448186317283,3519046250
-36.85452674691173,3522170625
-36.84637752717705,3525295000
-36.83764179359628,3528419375
-36.82879802628639,3531543750
-36.81926823028658,3534668125
-36.80928883567446,3537792500
-36.79886012849573,3540916875
-36.78909439075146,3544041250
-36.77922920344054,3547165625
-36.76927212535968,3550290000
-36.76047818170463,3553414375
-36.75072186471115,3556538750
-36.74019406507566,3559663125
-36.73181807287544,3562787500
-36.72311368695449,3565911875
-36.71225154983175,3569036250
-36.70278316015408,3572160625
-36.69178221305673,3575285000
-36.67981496843755,3578409375
-36.66922751638833,3581533750
-36.66076940703073,3584658125
-36.65169270723874,3587782500
-36.64210180726651,3590906875
-36.63170707458617,3594031250
-36.62103908469241,3597155625
-36.60944579797108,3600280000
-36.59978488555363,3603404375
-36.58817783680332,3606528750
-36.57716344023585,3609653125
-36.56828574499259,3612777500
-36.55758999425385,3615901875
-36.5461570712428,3619026250
-36.53629309891974,3622150625
-36.5237768968695,3625275000
-36.51137626381835,3628399375
-36.50446064343409,3631523750
-36.49031380202813,3634648125
-36.47406778500284,3637772500
-36.4659226210085,3640896875
-36.45826667094271,3644021250
-36.45000686129484,3647145625
-36.44012960122978,3650270000
-36.42718689664307,3653394375
-36.41374463821315,3656518750
-36.40240000416512,3659643125
-36.39072863478314,3662767500
-36.37829173580708,3665891875
-36.36564644653915,3669016250
-36.35244300610987,3672140625
-36.34015668935352,3675265000
-36.3327172691766,3678389375
-36.32381154672641,3681513750
-36.31283175334594,3684638125
-36.29466073494935,3687762500
-36.2823573282481,3690886875
-36.27072777169169,3694011250
-36.25972336412219,3697135625
-36.24768394405985,3700260000
-36.23643022098681,3703384375
-36.22382432131469,3706508750
-36.21125888325136,3709633125
-36.19943465651514,3712757500
-36.18756138015878,3715881875
-36.1747377732381,3719006250
-36.16090669146792,3722130625
-36.14837131437844,3725255000
-36.13674269499737,3728379375
-36.12366601863468,3731503750
-36.11047435343828,3734628125
-36.09758307788803,3737752500
-36.08436737720581,3740876875
-36.07166057244018,3744001250
-36.05885846759087,3747125625
-36.04589881107672,3750250000
-36.033559509938,3753374375
-36.02115856807049,3756498750
-36.00855147126298,3759623125
-35.99652578321316,3762747500
-35.98312328762613,3765871875
-35.97072478229327,3768996250
-35.95945062944963,3772120625
-35.94887683190639,3775245000
-35.93674797757746,3778369375
-35.92402924081901,3781493750
-35.91245608296903,3784618125
-35.90217379085061,3787742500
-35.89128256836295,3790866875
-35.87934727369629,3793991250
-35.86945587147902,3797115625
-35.85937383934728,3800240000
-35.84928668496659,3803364375
-35.84346179644886,3806488750
-35.83338004173899,3809613125
-35.82363799198969,3812737500
-35.82011296977739,3815861875
-35.81384673755864,3818986250
-35.80886747222694,3822110625
-35.80421975721464,3825235000
-35.7983228348937,3828359375
-35.79381948255123,3831483750
-35.792110259896,3834608125
-35.78910994402398,3837732500
-35.78615919307386,3840856875
-35.78352070415407,3843981250
-35.78174508473408,3847105625
-35.77920640248513,3850230000
-35.77520996830017,3853354375
-35.76408533772402,3856478750
-35.74683897147113,3859603125
-35.72245505178154,3862727500
-35.68439609209877,3865851875
-35.62851273190568,3868976250
-35.54776563394093,3872100625
-35.43806521456059,3875225000
-35.28833728234338,3878349375
-35.08884628100685,3881473750
-34.83130944509698,3884598125
-34.50771709230612,3887722500
-34.11375148942996,3890846875
-33.64643457191973,3893971250
-33.10786224574225,3897095625
-32.50045656056293,3900220000
-31.83299472899872,3903344375
-31.11054657261914,3906468750
-30.33542949134368,3909593125
-29.50945033000172,3912717500
-28.6300932235623,3915841875
-27.69816377315403,3918966250
-26.70531515885378,3922090625
-25.64561556572895,3925215000
-24.50662592960578,3928339375
-23.27510814242471,3931463750
-21.93505897108807,3934588125
-20.47080540447161,3937712500
-18.87556104614402,3940836875
-17.17462517118251,3943961250
-15.47084708700566,3947085625
-13.97662897700348,3950210000
-12.94825997121894,3953334375
-12.72579357624192,3956458750
-13.63288044837183,3959583125
-15.20590954985992,3962707500
-16.819437218826,3965831875
-18.26159117998989,3968956250
-19.51427034186757,3972080625
-20.60327740589387,3975205000
-21.55790741265764,3978329375
-22.4028470787722,3981453750
-23.15752123314725,3984578125
-23.8369508280798,3987702500
-24.45305267125363,3990826875
-25.01526015225773,3993951250
-25.53108000964692,3997075625
-26.00673602882537,4000200000
-26.44726571834704,4003324375
-26.85682764860004,4006448750
-27.23886698256053,4009573125
-27.59632370067443,4012697500
-27.93153230705518,4015821875
-28.24679601239737,4018946250
-28.54393239980336,4022070625
-28.82426252546128,4025195000
-29.08914165633552,4028319375
-29.33985690741326,4031443750
-29.57755031484968,4034568125
-29.80293970119027,4037692500
-30.01714383325499,4040816875
-30.22145737676527,4043941250
-30.41612128621987,4047065625
-30.6015256463378,4050190000
-30.77879382392393,4053314375
-30.94766827768326,4056438750
-31.10930664957509,4059563125
-31.26385148382969,4062687500
-31.41139877949414,4065811875
-31.55246617592032,4068936250
-31.68718114134434,4072060625
-31.8159068804766,4075185000
-31.93935167872674,4078309375
-32.05832606797394,4081433750
-32.17246104236813,4084558125
-32.28183987556966,4087682500
-32.38696352180588,4090806875
-32.48757915101046,4093931250
-32.58397830416551,4097055625
-32.67671627537047,4100180000
-32.76556398836635,4103304375
-32.85013778247943,4106428750
-32.93239228814517,4109553125
-33.01045697112545,4112677500
-33.08526130531853,4115801875
-33.15870586330827,4118926250
-33.2289163685969,4122050625
-33.29416095685277,4125175000
-33.3579237994748,4128299375
-33.42074217835483,4131423750
-33.48140259112316,4134548125
-33.53965488792463,4137672500
-33.59480875083445,4140796875
-33.64786411873968,4143921250
-33.69864283110307,4147045625
-33.74638635784577,4150170000
-33.79245648563648,4153294375
-33.83674160798277,4156418750
-33.87881988563009,4159543125
-33.92067380294233,4162667500
-33.96216607199653,4165791875
-34.00156219704669,4168916250
-34.03905199135672,4172040625
-34.07415524686382,4175165000
-34.10816384653137,4178289375
-34.14116943777825,4181413750
-34.17275812878243,4184538125
-34.20368592688951,4187662500
-34.23250488119332,4190786875
-34.25958360596942,4193911250
-34.2876554571188,4197035625
-34.31261956754796,4200160000
-34.33816217601321,4203284375
-34.36289405170048,4206408750
-34.38423056919991,4209533125
-34.40646612920002,4212657500
-34.42946821172444,4215781875
-34.45050685605706,4218906250
-34.46984774295419,4222030625
-34.48837625287556,4225155000
-34.5066773022982,4228279375
-34.52360953325736,4231403750
-34.5402400302269,4234528125
-34.55581545491513,4237652500
-34.57168951037738,4240776875
-34.58654579403505,4243901250
-34.60097203958172,4247025625
-34.61542177828702,4250150000
-34.62919189008809,4253274375
-34.64261739581785,4256398750
-34.65550948895877,4259523125
-34.66604978908825,4262647500
-34.67409448924838,4265771875
-34.68303799651442,4268896250
-34.69286357433312,4272020625
-34.70356119705537,4275145000
-34.71419158724768,4278269375
-34.7230668089116,4281393750
-34.73080232016249,4284518125
-34.73960315274936,4287642500
-34.74718237507788,4290766875
-34.75465906404096,4293891250
-34.76213420939188,4297015625
-34.76765877820739,4300140000
-34.77237643847748,4303264375
-34.77809285970176,4306388750
-34.78341183783405,4309513125
-34.78974461478219,4312637500
-34.7963134695178,4315761875
-34.80095502738029,4318886250
-34.80534820423021,4322010625
-34.81108401834629,4325135000
-34.81702467716257,4328259375
-34.82106198684635,4331383750
-34.82366556223094,4334508125
-34.82632921826521,4337632500
-34.82815716840793,4340756875
-34.8297795328443,4343881250
-34.83149992110424,4347005625
-34.83268069634428,4350130000
-34.83369349361288,4353254375
-34.83668137645774,4356378750
-34.83980116650505,4359503125
-34.84330246912907,4362627500
-34.84440178737698,4365751875
-34.8463136959173,4368876250
-34.84797739702753,4372000625
-34.84989384926925,4375125000
-34.85007234293156,4378249375
-34.85005608748981,4381373750
-34.8482892831254,4384498125
-34.84790133188388,4387622500
-34.84817170756925,4390746875
-34.84961004283218,4393871250
-34.85192755624855,4396995625
-34.8529248747169,4400120000
-34.85311037713985,4403244375
-34.84969581437251,4406368750
-34.84922893290411,4409493125
-34.85039931930152,4412617500
-34.85276801639491,4415741875
-34.85117493481658,4418866250
-34.85103025822293,4421990625
-34.84906685072151,4425115000
-34.84695299827129,4428239375
-34.84434354407117,4431363750
-34.84301519182225,4434488125
-34.84204251932205,4437612500
-34.8388856280812,4440736875
-34.83823023874301,4443861250
-34.83781704469312,4446985625
-34.83418032419075,4450110000
-34.8309977197249,4453234375
-34.82802228265508,4456358750
-34.82629520753609,4459483125
-34.82405171843968,4462607500
-34.82411337033447,4465731875
-34.82266299498676,4468856250
-34.81803133401512,4471980625
-34.81459739148804,4475105000
-34.81347356478653,4478229375
-34.81006613937804,4481353750
-34.80734765136903,4484478125
-34.80672716382833,4487602500
-34.80441456265413,4490726875
-34.80238086440158,4493851250
-34.79893835778464,4496975625
-34.79474384576268,4500100000
-34.78988497649688,4503224375
-34.78711834635121,4506348750
-34.7827372215521,4509473125
-34.78040492146568,4512597500
-34.77818630010054,4515721875
-34.77679775671479,4518846250
-34.77325332992201,4521970625
-34.77010836191184,4525095000
-34.76532805647427,4528219375
-34.76225220764008,4531343750
-34.76123508564656,4534468125
-34.75837840050244,4537592500
-34.75235907848355,4540716875
-34.74668648043364,4543841250
-34.74288957925718,4546965625
-34.74026779819929,4550090000
-34.73716008144027,4553214375
-34.73487254561566,4556338750
-34.73237667667065,4559463125
-34.72703711763754,4562587500
-34.7208894280879,4565711875
-34.71539630447945,4568836250
-34.70894839086542,4571960625
-34.70283313519231,4575085000
-34.69624179381869,4578209375
-34.6918041813443,4581333750
-34.68919132562297,4584458125
-34.68315305962884,4587582500
-34.68041314207537,4590706875
-34.68526831109853,4593831250
-34.68395512206094,4596955625
-34.67328161156676,4600080000
-34.66440689365473,4603204375
-34.6572674722669,4606328750
-34.65804864590925,4609453125
-34.66129404011231,4612577500
-34.65914714613638,4615701875
-34.65308664216104,4618826250
-34.64467246206062,4621950625
-34.64085114285141,4625075000
-34.63744361557777,4628199375
-34.63173923674684,4631323750
-34.62388341090885,4634448125
-34.61533147783694,4637572500
-34.61208048466322,4640696875
-34.61207025090015,4643821250
-34.60215065606229,4646945625
-34.59295199015601,4650070000
-34.58895029967749,4653194375
-34.58725194313917,4656318750
-34.58023023662947,4659443125
-34.57368179225072,4662567500
-34.56959303554662,4665691875
-34.56353229465055,4668816250
-34.55185745656482,4671940625
-34.55623535652561,4675065000
-34.55466382080656,4678189375
-34.54304494191275,4681313750
-34.53581475709828,4684438125
-34.53998869499897,4687562500
-34.53874830236949,4690686875
-34.51925258773218,4693811250
-34.51446383870645,4696935625
-34.52031023704944,4700060000
-34.50827141174261,4703184375
-34.49281529931576,4706308750
-34.49729228791657,4709433125
-34.50414865547371,4712557500
-34.48931071140102,4715681875
-34.48114700685346,4718806250
-34.47916377792658,4721930625
-34.47458565431577,4725055000
-34.46594504237984,4728179375
-34.45345635884874,4731303750
-34.45393518721369,4734428125
-34.45040329033412,4737552500
-34.43556503266157,4740676875
-34.43368001200597,4743801250
-34.43343779096416,4746925625
-34.41755555621169,4750050000
-34.40521151256453,4753174375
-34.40750896972199,4756298750
-34.41270457178857,4759423125
-34.40154269405592,4762547500
-34.39007332975523,4765671875
-34.38974983982838,4768796250
-34.37493725212636,4771920625
-34.37718635374069,4775045000
-34.39021595205042,4778169375
-34.37951474734619,4781293750
-34.36483992311251,4784418125
-34.35316849121678,4787542500
-34.35899309145459,4790666875
-34.37469182097946,4793791250
-34.35843898742216,4796915625
-34.32786641374391,4800040000
-34.31566789827308,4803164375
-34.32157813645362,4806288750
-34.32316250554318,4809413125
-34.32043100225813,4812537500
-34.3239063130865,4815661875
-34.30548228681201,4818786250
-34.28339465181784,4821910625
-34.2780016631736,4825035000
-34.28554499470545,4828159375
-34.29570770614902,4831283750
-34.28075783300907,4834408125
-34.25404990627156,4837532500
-34.248195675574,4840656875
-34.25645321339844,4843781250
-34.26716475328762,4846905625
-34.26086477679878,4850030000
-34.2488987327843,4853154375
-34.23795418411466,4856278750
-34.2283900363548,4859403125
-34.22359543344588,4862527500
-34.2316707861582,4865651875
-34.24116753908819,4868776250
-34.23511361805958,4871900625
-34.22136222864567,4875025000
-34.20457599527573,4878149375
-34.19284658383801,4881273750
-34.20696510917683,4884398125
-34.21268931364308,4887522500
-34.21142287911886,4890646875
-34.19927143260859,4893771250
-34.19722794330268,4896895625
-34.19083010830263,4900020000
-34.18824177568513,4903144375
-34.20400941725699,4906268750
-34.22896887448933,4909393125
-34.22766419070598,4912517500
-34.21527163061026,4915641875
-34.18898361587127,4918766250
-34.18716418185132,4921890625
-34.1907371100457,4925015000
-34.21074419756985,4928139375
-34.23997393746897,4931263750
-34.24592374255263,4934388125
-34.23866437397579,4937512500
-34.20307821407827,4940636875
-34.1946925272243,4943761250
-34.223699071262,4946885625
-34.25439482253478,4950010000
-34.28852247972731,4953134375
-34.27505055639388,4956258750
-34.24883401948649,4959383125
-34.21851940589382,4962507500
-34.21136833150341,4965631875
-34.23411594313467,4968756250
-34.24238846086958,4971880625
-34.24669569200657,4975005000
-34.24283605346917,4978129375
-34.24012532161009,4981253750
-34.23225807652236,4984378125
-34.23788249449527,4987502500
-34.23909861057749,4990626875
-34.22326985143002,4993751250
-34.22087798036473,4996875625
-34.21423244791355,5000000000
